[
  {
    "multiaddr": "/dns4/0-dar.fluence.dev/tcp/9000/wss/p2p/12D3KooWMhVpgfQxBLkQkJed8VFNvgN4iE6MD7xCybb1ZYWW2Gtz",
    "peerId": "12D3KooWMhVpgfQxBLkQkJed8VFNvgN4iE6MD7xCybb1ZYWW2Gtz"
  },
  {
    "multiaddr": "/dns4/1-dar.fluence.dev/tcp/9000/wss/p2p/12D3KooWEXNUbCXooUwHrHBbrmjsrpHXoEphPwbjQXEGyzbqKnE9",
    "peerId": "12D3KooWEXNUbCXooUwHrHBbrmjsrpHXoEphPwbjQXEGyzbqKnE9"
  },
  {
    "multiaddr": "/dns4/2-dar.fluence.dev/tcp/9000/wss/p2p/12D3KooWHk9BjDQBUqnavciRPhAYFvqKBe4ZiPPvde7vDaqgn5er",
    "peerId": "12D3KooWHk9BjDQBUqnavciRPhAYFvqKBe4ZiPPvde7vDaqgn5er"
  },
  {
    "multiaddr": "/dns4/3-dar.fluence.dev/tcp/9000/wss/p2p/12D3KooWBUJifCTgaxAUrcM9JysqCcS4CS8tiYH5hExbdWCAoNwb",
    "peerId": "12D3KooWBUJifCTgaxAUrcM9JysqCcS4CS8tiYH5hExbdWCAoNwb"
  },
  {
    "multiaddr": "/dns4/4-dar.fluence.dev/tcp/9000/wss/p2p/12D3KooWJbJFaZ3k5sNd8DjQgg3aERoKtBAnirEvPV8yp76kEXHB",
    "peerId": "12D3KooWJbJFaZ3k5sNd8DjQgg3aERoKtBAnirEvPV8yp76kEXHB"
  },
  {
    "multiaddr": "/dns4/5-dar.fluence.dev/tcp/9000/wss/p2p/12D3KooWCKCeqLPSgMnDjyFsJuWqREDtKNHx1JEBiwaMXhCLNTRb",
    "peerId": "12D3KooWCKCeqLPSgMnDjyFsJuWqREDtKNHx1JEBiwaMXhCLNTRb"
  }
]